{"cameraMode":{"drawMode":0,"name":"Shaded","section":"Shading Mode"},"sceneLighting":false,"audioPlay":false,"sceneViewState":{"showFog":true,"showMaterialUpdate":false,"showSkybox":true,"showFlares":true,"showImageEffects":true,"showParticleSystems":true},"in2DMode":false,"pivot":{"x":1.4901161193847657e-8,"y":-1.4901161193847657e-8,"z":0.10000000894069672},"rotation":{"x":0.07587089389562607,"y":0.7990913987159729,"z":-0.10316439718008042,"w":0.5874127149581909},"size":0.6803126931190491,"orthographic":false}