{"cameraMode":{"drawMode":0,"name":"Shaded","section":"Shading Mode"},"sceneLighting":false,"audioPlay":false,"sceneViewState":{"showFog":true,"showMaterialUpdate":false,"showSkybox":true,"showFlares":true,"showImageEffects":true,"showParticleSystems":true},"in2DMode":false,"pivot":{"x":-0.4999999701976776,"y":0.0,"z":0.5124999284744263},"rotation":{"x":0.24121107161045075,"y":-0.38649070262908938,"z":0.10549786686897278,"w":0.883918821811676},"size":2.443518877029419,"orthographic":false}